Num_Agents,Arrival_Interval,Service_Time,Average_Wait_Time
2,4.335349886464972,16.571264979744548,114.51988683032502
19,7.277863325743984,12.690807839996166,0.0
13,4.607379437232731,25.58281789997107,0.0
16,1.2897282113001745,16.696382965232054,0.8415292559912249
19,9.089147891707052,8.316390984409537,0.0
4,1.200677012834343,26.080371356029694,183.64479301357304
10,6.494852981510437,18.88982667922925,0.0
14,4.742720505691279,15.875661831256089,0.0
19,6.120107840042088,15.283980834258855,0.0
14,4.6550944549774655,15.8590324189897,0.0
3,3.2994020053980977,8.887150165594546,7.5886551183801725
15,8.957398766888794,24.935001727980502,0.0
6,1.5156252848495206,11.549908639374966,89.99185857550107
6,2.2587520488560746,16.729151779627248,35.65291720819005
5,7.611973777120461,21.199726844925646,1.3681259134785986
20,4.504054681834534,6.54080215156519,0.0
2,5.1955629337147755,6.056966828042452,4.206700309323408
10,8.099828122571939,15.94127001890531,0.0
16,5.785110704251878,7.402249370409601,0.0
6,6.592660129301354,26.70292578002,1.0409804027684568
11,9.668861545789412,23.288953892896068,0.0
14,1.629894154829776,27.583277708252165,48.96373427650715
4,5.048010282319156,9.265454046700636,0.05011416346644736
5,8.052688963670779,12.645401804106317,0.0
14,9.202287823387168,14.67698256883091,0.0
7,4.491818457088325,14.370340881567746,0.00039637140924569475
10,3.0176315790232215,11.333590210003331,0.0
10,5.258441340546866,9.26391482782384,0.0
4,2.09477849905179,15.653320639104457,150.09964614923751
15,2.6922996833744297,14.99922922913426,0.0
16,2.894892611403578,7.41589616194787,0.0
4,2.896906175469136,28.418072705953268,141.12851857613788
3,4.467747593025207,15.676634022039488,67.40962315915047
14,7.029432991079185,16.222453588877244,0.0
19,2.8165152191477287,14.910922557398116,0.0
6,1.0161836592368116,25.464714483814383,134.55421818909002
2,4.322577925793922,8.068562814835063,26.429510585514077
14,8.202543501707392,7.330047450741112,0.0
19,6.215572152473679,20.008749930329927,0.0
17,1.4566491957799335,19.01736683737321,1.9086652390245968
5,9.992221264932429,23.070142948221825,2.3283687849240016
16,5.217312728628964,12.095044107406839,0.0
3,7.652911967072998,15.952526602814446,1.1349549734936337
19,9.015424118689896,11.44247093951158,0.0
11,8.152328905079688,6.008346718388417,0.0
18,1.3367528362380772,20.03094102368304,1.1649241545938138
17,9.008538731112248,14.84315374268635,0.0
12,2.7765534687382645,14.118259728730516,0.0
5,8.66174762168977,15.99883557097738,0.0
7,6.812409194895011,12.542921579373,0.0
15,7.90020247069984,6.372051599581453,0.0
11,4.704770085038234,26.762541354077225,0.0
12,8.194509093576716,25.012524875163784,0.0
13,5.239984686118642,16.751830266150954,0.0
9,7.189188605483128,14.185695875650143,0.0
2,7.126341659567412,13.434487314201727,77.05251961255898
6,8.916012472665663,5.412592407013202,0.0
6,5.36837535545293,7.288998218466562,0.0
6,4.1197958549349005,20.19894956168166,13.88931004229792
13,4.79484260300692,11.922014113959257,0.0
12,8.98332259138817,15.766516959566893,0.0
20,4.438731706289762,14.317883180383557,0.0
12,8.98479476298835,21.10354530443516,0.0
7,1.6426381643354282,10.849729203854709,5.10570673688243
13,1.7000613121490034,10.051153817880877,0.005002418205243523
11,1.2281386462679085,6.395272326605623,0.0
3,3.7008293074708747,11.209647401924183,9.92606804023191
19,8.456515142768067,29.638889088009417,0.0
15,1.9065904176367192,25.531548548856307,0.3365293851712842
18,6.161528629126783,8.178654460987925,0.0
7,8.958990687505509,18.917590113510276,0.0
14,8.105066964463342,11.38538365968699,0.0
4,1.4174480342337832,17.16211057171494,163.3404044142494
14,2.2168831125244717,9.902980183169403,0.0
6,6.847882317451556,17.56569504591466,0.0
16,9.992261636057425,14.066038897971199,0.0
17,6.486945677703493,18.742299790125973,0.0
19,8.082715719954926,7.39454090897652,0.0
7,5.890789864865342,23.721237150551868,1.045441497384938
14,6.526545740686427,9.851997139376232,0.0
16,1.5809028232535347,16.922153454550127,0.10134604248884134
18,8.251284533935019,26.187033579391322,0.0
19,4.485979446286117,11.058061647943783,0.0
9,2.5408262459450404,17.105864904275187,1.5835035531878465
2,5.2127649793768045,14.094609781371682,32.46163675854184
13,7.357127281889933,6.0726284415230545,0.0
15,3.6882738325742572,23.098332216877502,0.0
19,5.698150582747778,21.166879775507006,0.0
15,3.7996749064055386,26.46030855287762,0.0
20,4.5915276850432765,22.578820200328067,0.0
10,2.348365201389828,24.958397393107195,42.693506660564445
17,6.177847226077206,26.84045516272006,0.0
10,9.988482719582537,21.808869331743708,0.0
11,5.916751981432585,21.050892395079774,0.0
14,6.200767100203555,26.71115315934963,0.0
5,5.5009465920812435,7.38986259900677,0.0046840631471471595
15,6.283934551847766,16.27744492265301,0.0
5,1.371634987621996,19.374533076853474,138.99071752959253
18,4.09403471079945,23.119049474257682,0.0
7,1.482014606968421,16.274909376665082,61.490583936912095
12,1.6674615580082885,6.5365217141456995,0.0
14,5.126871976478836,16.469437865463668,0.0
19,8.654173397298706,8.985047560421712,0.0
14,1.0445627661983745,24.226490053556102,79.43393526637611
10,6.715595089355093,28.314234803645096,0.0
20,8.403632055583905,29.069231099768125,0.0
19,7.227929586667379,8.37943967712273,0.0
13,3.2722733465757408,24.0300519170519,0.0
9,3.7875144306621262,5.5924752882615545,0.0
4,2.2700840352442917,16.03460507449993,90.52305909423507
16,2.4377818434608476,18.951070178900096,0.0
8,5.702573669873378,12.573303899395867,0.0
19,6.740495377534359,27.742212253041846,0.0
20,3.331412786555265,13.940291308415343,0.0
5,4.150723978153343,28.575014538285107,53.48912873142405
12,9.485123656832073,13.282411814118419,0.0
14,7.943327141580204,24.198965517614123,0.0
20,9.3336855035021,6.890507631397084,0.0
13,6.5158354748292355,15.499301180052518,0.0
11,7.359855021819176,12.788483273681244,0.0
20,8.30847193570754,7.687658548775368,0.0
9,6.947894450502946,11.457745050996891,0.0
17,6.536189834178368,21.630066634662903,0.0
16,1.6075037860342003,25.34965264926398,4.952423413637594
2,2.7680331582409017,18.95394708067481,125.49789608282246
3,1.1808667825350294,9.469642678174889,142.29047769906992
16,5.719126923313603,12.240162228350911,0.0
19,3.4850344288036625,28.62956361969503,0.0
16,1.256820625857193,10.84567757361393,0.0010656699152901369
6,6.645347647824541,20.177118053805092,2.476254845525347
13,6.72717154062956,6.997328168701934,0.0
6,1.2369922096643782,21.411636873840067,125.48125732130119
4,1.7265378866012564,6.695039251171329,5.235025091249195
13,3.3397042471201606,22.455869189947745,0.0
20,4.237363636768938,21.63151455118541,0.0
6,8.053351758672992,9.873953678680357,0.0
4,3.7386125392007195,25.8668705553976,79.39876755306389
17,4.445699080122136,19.778274079062573,0.0
12,2.304060046462307,21.96344306682232,1.7808243980731209
13,6.456296971013037,23.16724780020035,0.0
8,6.194796365956854,24.073891962851793,0.0
19,2.944097970179331,14.691336761020114,0.0
13,6.3635065467582645,8.961923034821186,0.0
16,8.572122193982914,24.26594378884163,0.0
9,4.169060301375602,5.854256450408167,0.0
4,2.3872591520136583,27.948198462723113,155.7165969424925
3,1.4710517504852831,23.94888005529672,196.00977354127082
3,6.416976098778347,6.379001807708796,0.28625972233867625
3,1.9477257188523924,12.45288087107285,111.93091041685679
7,7.014694297682079,10.046692359805675,0.0
19,6.277708468155354,25.359348020650273,0.0
16,8.36920403830605,8.74457393255916,0.0
11,9.39270115149353,28.794813841480757,0.0
7,3.4599510971024334,23.987068288041677,33.07096685788699
17,1.9814319898175925,11.584967137355724,0.0
16,4.410715238758412,25.933973183250362,0.1880966600042535
18,1.8610284561515051,24.469055164272948,2.854917225632942
20,2.9016258373449992,21.13243918870693,0.0
11,8.652310425944076,26.047265887754968,0.0
6,9.248615608866894,28.39131527381431,0.18182641047266218
7,2.269717348738073,27.40858652237901,81.17062678494104
6,1.1097511843482861,6.861726895578888,9.176917955813499
6,1.2178099656642358,9.526142203671562,69.39535866248507
9,6.427653953135589,11.156963885170086,0.0
4,3.4993519774404973,6.023784784541112,0.012322316996778387
10,6.29695600220366,25.802653531127834,0.0
13,2.231910326815872,10.596652313857707,0.002813011695135211
19,9.421208705041199,22.380656188186922,0.0
16,7.07926045338854,9.966520726794624,0.0
11,3.409570908067888,13.37264083603008,0.0
18,2.6674554836639146,8.005133165314483,0.0
19,8.861138027217685,10.385325910545962,0.0
8,7.3609319764719885,5.810989293166175,0.0
15,1.8453495744387662,16.499173309182858,0.0033183607400196374
12,1.3704109206115587,26.109364690727165,81.75139989865391
10,6.1618201218161675,6.209105205115355,0.0
3,8.979170614180648,16.191049159816647,4.641626787836037
4,2.9657969675812605,20.64680934458021,107.42358085754256
15,8.953781258388537,9.99411237005561,0.0
9,8.925717175301529,27.052600795852758,0.0
16,8.099028650159557,9.643579897833387,0.0
14,5.443663264120811,12.699452531248719,0.0
18,6.630281431994952,14.666517313474083,0.0
10,4.781108937231156,10.17646893633851,0.0
13,7.4340027849293575,18.86341248445145,0.0
8,5.656897707427841,24.065967222100507,0.002328829101864939
20,8.44922266639185,23.927527093494415,0.0
7,3.1443634665015323,17.498833849382066,17.197978164492596
5,4.206302456476173,11.17477974591967,0.6436747622329083
11,8.846607952739356,18.353807897425675,0.0
17,4.882237211351352,12.123067282505268,0.0
8,5.139534462901435,21.931077427163284,0.0
18,2.4390628628655815,5.922073828350981,0.0
11,2.0399536167858643,16.330174888279817,2.7492134057040696
12,3.5445937925704283,13.098650956644557,0.0
11,8.37306879785113,16.24425573766937,0.0
19,2.1973990618669825,7.289273411091158,0.0
20,1.4394404507643421,9.643010583519459,0.0
8,4.423989263358381,5.6137351800713535,0.0
20,5.440642154233259,19.645746932387908,0.0
6,2.9224763099183444,20.827957197605656,64.3782608183666
9,5.445981910351646,8.482834201125407,0.0
4,2.894959261994334,16.0471538531783,74.05849244876059
20,6.022069085916543,8.562336399466396,0.0
14,6.829920452115056,14.239081280688763,0.0
3,6.804034231883765,29.973499606526733,81.18924580141218
20,8.32391388152132,28.260850599459697,0.0
5,1.4638997167373513,15.535312234511727,107.8782604070189
19,2.034018607732835,18.302383213466733,0.0
8,1.9150594245142945,11.111776140045368,0.3369682825093954
11,4.769623733376956,14.792361416011133,0.0
4,4.831880818369459,9.246079440254462,0.09431173578592394
18,2.053064897268017,22.35465052460879,0.01609630981032472
3,6.904008342829518,15.641609206287969,15.921217388209723
16,8.904472747004693,23.348892125247282,0.0
11,9.588201950710175,10.652784616565532,0.0
11,8.787254066020507,24.26974107688028,0.0
7,9.346415763183073,10.955469220357806,0.0
20,6.591916855936845,18.756163706426356,0.0
18,2.883184422571273,20.502494343814885,0.0
12,4.343691341557464,22.768753922782416,0.0
14,1.7564084778086073,16.13286133024213,0.005784497424464122
20,3.9165246128296993,18.79731998334104,0.0
8,2.430285495859453,26.55354554170083,38.17062866805538
10,2.9944919778913426,7.414353491288979,0.0
7,1.883923626654601,21.6706999064299,81.12793743941238
8,9.360579359862678,22.688587228574846,0.0
9,7.736189047066559,14.864781415135267,0.0
10,1.0837681328939066,12.76137276297881,18.707593578171227
5,8.840964013564117,15.85702278411854,0.0
2,7.3296910223877,8.380784799995848,3.9882585773978287
14,9.39330465814361,22.540272854917465,0.0
17,7.694602472197341,24.774945301550055,0.0
20,6.839379924376587,11.262535496408276,0.0
4,7.964803965503121,11.95360634432307,0.05561968429487617
14,4.855880834257726,25.26215967767222,0.0
7,7.51207873793444,28.750169202270644,4.566827141471362
9,6.15896756159166,8.963527749005047,0.0
20,1.1485809247654655,28.584098199657184,26.84947365063074
5,1.5797107842050049,23.942168833428035,156.29012936767475
14,9.48453464273269,18.869079241829855,0.0
12,3.3944274090501834,11.029308494145393,0.0
20,1.4226820670140672,5.282754972090363,0.0
2,6.809041646577476,24.232259857258104,64.59057830629672
20,6.162080528828126,8.400412612290049,0.0
11,1.2209537006895015,9.401647617518712,0.7717955596934238
9,2.0381677680303825,25.799019293978283,100.45834506772405
12,3.75245082196202,17.887012503922247,0.0
8,6.458140775062225,19.51030562641971,0.0
9,7.4415576552276415,8.438464976822425,0.0
20,2.8320904677529044,24.680704267622787,0.0
13,2.6143355656201592,7.648814970698152,0.0
19,1.4486422059580797,20.85233083813191,0.695736649992852
17,8.24564876351119,21.057939415315975,0.0
5,5.905225856532074,24.856233758090813,8.902914994794159
14,3.7416831867899347,23.054048416910266,0.0
2,1.2556241385669122,24.212367348459253,182.47515651985157
9,1.9727129664723952,22.47806030952681,55.840532566921375
5,9.481126934977494,9.08030540883322,0.019912729564800752
12,1.8490995014677376,9.538843863220226,0.0
9,5.111231901889553,19.302800287914124,0.001249156855782357
2,6.1901944005467,26.65774030802235,98.33840779150341
17,6.136253935840645,24.304442082381502,0.0
3,3.327975772301337,22.700601715812805,120.04871168991572
17,7.929531937553603,10.3912005427301,0.0
6,1.425391891010808,20.53175160625787,141.88097606117117
17,2.4948714167223516,8.947141216308742,0.0
9,1.4037696479649022,28.61630677672472,100.51563465978695
13,8.048742891123203,21.28454187951637,0.0
12,9.729883439480128,24.790565248747814,0.0
8,2.7085801527438935,29.501756199120518,63.86322211200776
18,7.05099139213919,29.572821877647876,0.0
3,3.6449144104352804,11.094496263516355,5.288061291783236
13,8.021100599138874,18.15607115505135,0.0
17,2.017732387713976,19.03529778709648,0.0
14,5.307680503428991,22.863464809941583,0.0
12,3.0621635873874054,19.019750977745325,0.0
18,6.831591017381394,5.5000349596454265,0.0
20,2.956054534322847,11.875974178545599,0.0
16,7.699972221366352,15.762536738769402,0.0
18,3.2370052707410655,29.422897782724913,0.0
14,5.2687007570857345,11.734407157538982,0.0
6,5.3285757648225145,13.54911040742134,0.035350599930464514
13,5.991552316485176,13.61577629259517,0.0
11,3.5432931155016893,22.971408326376334,0.05463646890989449
5,3.7700723670112,19.705105428721296,18.8159354628892
14,7.6771755775077954,26.408401396030914,0.0
7,2.712547359264657,27.29235095685564,59.23546447374115
8,4.644559069383501,15.963328727295407,0.0672799441326634
12,4.264705643304646,17.94663246430128,0.0
2,6.093522361988701,9.246526079838098,11.697989214836568
18,8.595560970811924,27.84519293666431,0.0
10,8.949732655079266,7.030988233676107,0.0
13,5.673819110708099,7.020376290466902,0.0
2,3.3338291334031114,12.545794664851616,79.33001051414634
5,2.3299622459715907,26.61039432091111,144.49783093644734
10,7.289589608691256,25.346620824606276,0.0
14,2.379982019133864,9.35188420736943,0.0
6,9.142118380416054,12.043661805517745,0.0
5,1.889660105469427,29.30231686850158,154.84733206578474
8,4.736428858226108,20.260910592483448,0.24962838958189057
3,2.658252224018068,24.06074284735457,169.18376334559528
13,9.659729434178123,6.992388745668544,0.0
3,9.323665212444068,15.493578981314194,1.3447859963691489
14,3.1919917123365282,24.519920762789774,0.0
6,3.1642729986380327,26.255859219662593,56.24105637384156
4,3.497105733747262,6.417697252098221,0.6589503065802856
2,3.188167035277648,5.97773892029191,14.806292365027055
16,6.355965059750973,15.177939405008226,0.0
10,2.0852644332496397,5.683280609817949,0.0
17,5.0271124956822035,21.80389778859545,0.0
6,7.683902502327456,22.089255796703455,0.0
18,5.929722573147842,10.701693330901636,0.0
4,5.265809751400311,28.49805871779667,51.34920358347708
16,6.812962269800405,16.60449202501561,0.0
17,5.769495408143182,13.73767250389925,0.0
11,1.8386545595484014,10.25835130665029,0.1117346640002254
3,2.4928318151813667,17.328410720718033,157.4518904591955
6,2.227894793385675,5.148677701096708,0.006569136219935753
18,7.046575145395643,11.039845215453497,0.0
14,8.38521033932491,13.976789503557509,0.0
2,1.346452836536793,15.36962178222235,177.8405968817434
13,3.708316362389593,21.801217026984876,0.0
6,6.891814280641215,6.733902018519881,0.0
20,4.784798044722844,19.79387150382255,0.0
2,9.406627687913916,26.479961894331716,88.89470715834952
19,1.4894091103418476,8.013207248456858,0.0
16,1.7665953075374405,20.321075185255975,0.44651818688950434
19,6.412451906742695,26.60464662506155,0.0
2,4.493506418403891,9.015281986427265,117.05224252000765
17,1.2001655030305267,29.2755381709551,86.98264948632823
9,1.5703492281977613,16.475993262887656,63.59923703744708
8,6.661546941960286,13.508883276834533,0.007173701236885295
16,1.972961349173867,27.7388054635205,0.7123370674210515
14,3.75263999947817,12.921378255250428,0.0
20,4.484894737484467,22.055587677461244,0.0
17,2.347399194697579,28.436959566724003,2.4493351722320384
2,7.7593709882734085,7.599339498479894,1.8540804626869023
3,9.85604872086077,10.49054891484004,0.03646232030480205
15,8.925823004414998,26.10716487227437,0.0
2,1.0235685826243637,21.334413003658252,195.58564750236502
5,9.087333404990542,17.438523647461807,0.0
3,6.390715830315805,8.297293717155894,0.6046432744899994
6,7.433747376035362,11.946113032957122,0.0
14,9.233442736718638,23.40504418471999,0.0
15,5.834714654029352,6.805821022857904,0.0
17,8.85162211934194,13.680802150864134,0.0
2,1.803964751201676,6.037644240516378,116.35447564665496
2,3.0481877705359057,17.123945041606675,164.4374073647154
11,8.253464207399443,28.500166910980404,0.0
7,2.269684982159022,6.921227515551294,0.34287213907242153
19,5.35487602773982,23.447269312541138,0.0
10,6.533692204590817,19.499970114853454,0.0
14,2.980373106487956,16.940570900487323,0.0
15,1.9423585224438051,14.189295241367276,0.0
19,8.979452111339999,28.553585857659044,0.0
4,4.4871549171469525,10.597162606077983,0.3417562809498497
17,9.947809423344733,18.06349339995043,0.0
6,2.0278133450848608,8.866631488875107,1.4726222097884312
6,9.322078264449562,16.571323477698,0.0
15,1.3353940598279728,9.754402685619038,0.0
15,5.05671544076449,10.653770913626571,0.0
16,2.2068318972389145,16.03534657379605,0.0
18,6.11750728896285,16.849183430716263,0.0
12,5.609594632650516,18.189277479386888,0.0
19,9.176608325513449,13.876814760517101,0.0
6,7.219245549501021,22.817614870572154,0.89098018762069
15,2.292552884377705,25.032485241470653,0.3836487433108524
11,4.289936327322296,29.71652878316299,0.551495173619375
3,2.3399058882391164,24.524757251982344,151.38867197584315
5,2.6136298950168637,13.929516382851666,37.212706935749374
20,3.3628374147796523,23.479113010966728,0.0
14,1.8112242675761752,17.103155929687897,0.03156617454045518
6,4.575050897368509,9.266322363719379,0.002170316287067716
18,4.151726957328485,11.00502294202568,0.0
18,4.4655027318847695,13.977724183010396,0.0
8,5.298667230872375,22.728081721481637,0.35569768877331137
12,9.108886618238989,15.674769064952569,0.0
3,5.6463154622613905,22.24299998776876,56.2760100113157
14,7.291766128626735,15.774307372767597,0.0
6,6.927503713673112,13.56958640288997,0.0
2,4.987711470265403,16.541956716718587,77.81788830894789
11,4.078722086737853,7.208180593582846,0.0
14,1.699352561470632,22.75546516478897,1.2672918619820648
15,4.530523173206886,19.44051708545976,0.0
4,2.3188119730947543,27.053095693326856,117.39536450836752
4,8.4274049423762,10.35083069376838,0.04521253586070865
5,9.41291648675523,20.268235801810583,0.0
11,5.36602412146249,12.96010378488317,0.0
20,4.188376809471185,5.205323030302007,0.0
3,1.718427523465247,22.530914807934465,143.1288594300154
10,5.328951105917184,29.700785921679618,0.029845489518455528
14,7.220788973597589,11.169896693818947,0.0
5,8.346567450267028,27.67580540637667,0.37985583651899846
17,9.784071058114705,19.84867171080988,0.0
20,3.842417662379116,14.602288964182504,0.0
13,1.2646560337478505,11.134964986110354,0.2881557385182182
18,1.333441990213766,19.621167128679936,0.14397373422034934
2,4.018689048449799,28.115172972573387,190.75677274477363
16,6.566735564165672,13.358589816317291,0.0
13,3.321227010471384,27.871384468126738,0.014489018673212416
19,9.631026605189861,23.24906975439419,0.0
5,5.811507916794951,20.656048184533145,7.190737534718612
5,5.800459656958001,5.780429074795041,0.0
4,4.249647846410744,9.44985269031936,0.2415173118370368
9,2.253446866112037,14.934318790326477,0.9926569283114005
14,6.51482407714725,28.174950834297853,0.0
16,4.364265617902315,6.8620347252280345,0.0
18,6.173416045308889,16.47495882194552,0.0
6,7.778451736698904,7.414500997218491,0.0
11,1.0835100220653402,10.98134145794221,2.915929198809087
18,4.912831418714253,6.416141268044186,0.0
16,2.0617160902689644,23.231720644243886,0.44184761899276676
7,4.666590921351088,17.494411277521984,0.11284573227262755
7,4.04434764096157,19.73794199102423,0.9006501552939681
20,9.280771283979583,12.962387003505336,0.0
4,7.942147772773782,14.479799721985108,0.10948832410787088
6,5.71653238663386,29.13516620450586,1.5131002120298849
8,5.305828780524395,17.785397850948407,0.0803309969970447
5,9.635959679053423,24.419996960413187,0.4032186221475982
9,2.4994210425129886,20.212523971357186,4.769613861079527
3,6.191661088290406,9.74085492162575,4.185860201363315
17,6.955825790235638,13.481500117041138,0.0
16,5.658308651799489,22.613241796004456,0.0
3,7.828479173869949,16.440185024318687,0.2902422416665636
19,7.884415505398448,15.850876622074896,0.0
9,1.2660197799873951,27.13967785905772,129.9950402368257
8,3.6054794557473406,14.229684503177559,0.22537387307478593
10,7.987800304682535,13.726932857050768,0.0
2,3.1407933254762104,29.561936808483527,228.06516108508603
18,6.934328295696116,29.64273819707143,0.0
4,1.9023357386751303,18.90405871286228,160.81438536696888
2,5.888215814332533,9.080486949825726,20.050486106671407
4,3.882376413433766,6.0170251777650074,0.27508962041044627
3,8.857798567401751,23.13304563395385,103.37564263741606
11,4.867954577302385,27.54701223283135,0.0
2,2.8499840752403225,27.587684024039845,190.0486353277412
8,7.2347581584266845,20.354465230523306,0.02964536553239655
19,6.664786603270713,11.67783053115833,0.0
20,9.803885804984619,25.513071762543117,0.0
4,8.662616355941015,27.86364005219428,9.772172236739804
6,4.295773055608489,8.563147045568776,0.0
9,3.7068516163335845,9.237531390002367,0.0
15,2.678829991273916,19.91331746510543,0.0
3,9.342469825023704,8.167653484989499,0.0
6,2.2623612191274005,23.80687211258171,77.48796216388233
17,9.720752956335325,24.323572675979587,0.0
17,6.671224199382176,7.531266914996028,0.0
6,2.453270765652931,16.871658096375555,68.31844635621904
10,6.7756312020049965,5.077571905355825,0.0
10,1.9000987886556335,27.121912097088096,85.23298410603408
20,9.021857902107906,28.11843100403441,0.0
4,8.597418604567736,15.149354635313475,1.5164579956637543
19,3.07392485425918,10.111971912341577,0.0
16,9.084440855530927,6.804757610957336,0.0
16,4.993718933919081,9.596147299480005,0.0
12,6.686014891001697,13.004372265017343,0.0
11,6.344504341236877,19.913509530202873,0.0
14,1.30580220214763,25.33415457759545,65.02969636707572
15,7.590844982661109,22.6648132370212,0.0
13,2.9423822273076765,27.111427979327527,0.014179082655821618
3,3.0250582078162855,28.132587323554475,125.69186123675233
18,7.497304968071616,28.049160168341857,0.0
12,6.824685894916386,25.187331931867938,0.0
3,4.120830989329427,23.014005433555713,106.92128665231614
15,9.57132818063756,22.739375227551573,0.0
11,2.6329053429604192,19.748261708144042,1.88410024356926
7,6.752883727436232,15.319907131993524,0.0
3,2.1509172482557313,11.369601525158597,124.71994932241469
4,9.859527726617431,27.8671800504816,2.8157416071879955
11,5.729197207526662,23.184935802562784,0.0
15,3.8630473474678584,23.560460716625858,0.0
18,9.112357932948326,10.748505266900832,0.0
11,7.432206886592597,27.255435770578295,0.0
12,7.52532594375161,29.677993388469822,0.0
19,8.445338313179322,11.604188392105407,0.0
14,1.3672599910521104,6.659894962708639,0.0
7,3.620244259038957,11.661162489732252,0.1565616600608652
15,2.6376515609754163,21.935833699487628,0.015503796357624668
19,2.88271346455835,7.415182120804454,0.0
14,4.527608529115884,5.561241110584931,0.0
13,6.977653649956835,6.721268633255302,0.0
6,8.780525598652876,9.745823010806621,0.0
7,2.292332421483609,15.291436658745216,15.508920051429827
2,6.2921331322033005,9.560623670876858,19.92080693277096
17,7.347099049519881,23.150127732194562,0.0
6,5.5054842682225145,8.619643031144474,0.031297685001090404
10,4.676057817409777,27.63918813442829,1.288557317466159
6,2.495848363414697,25.356358436343587,94.78804043914873
8,8.026112385462408,18.428652614700624,0.0
13,7.565509617920757,15.37157994326552,0.0
20,6.607335256757941,11.920358129221352,0.0
12,8.675978561226305,18.977689058628986,0.0
12,2.9733430770263607,13.461093732079137,0.0
17,6.044786800346818,25.73199116443199,0.0
3,4.951320590797211,19.860343068035146,37.071816013292086
5,7.64606917911898,6.87200039030351,0.022551579068960843
11,8.568637099637742,10.539579909947737,0.0
3,1.5864537540301868,27.570977565858712,197.93869602493547
3,7.92849943783104,25.687403579754875,41.90171814152476
3,7.551997213113364,13.787071216077308,2.067188823445141
8,9.273839358679925,12.808634708807944,0.0
9,4.444865838385738,18.12814783057708,0.0
3,1.239376833807794,13.72701760215366,175.3287933110217
15,5.289947815392167,12.216630023287488,0.0
13,6.940001254502559,22.424235557743177,0.0
12,3.5103257344917465,17.83650974524054,0.002551849936006713
11,8.587027252229767,15.924238463169116,0.0
4,7.219201249798555,25.174297903149384,10.994305833089268
7,8.414205946741522,26.85598304001314,0.020028445788964604
19,7.398450946044905,27.475172927331446,0.0
7,8.712806544193983,12.045824668632658,0.0
5,2.175311941425856,22.401628569937046,122.54434177104943
12,7.638822735332168,13.905624544293971,0.0
16,5.117703217560118,25.916323062515435,0.0
11,9.216469519321343,16.586693310727618,0.0
6,2.0012986357555547,8.642932074483845,0.6803327321539191
5,1.0038576041733913,14.664996644815774,168.22026749120664
6,6.862945607235416,15.473644608835214,0.9498012974953693
6,7.625248841443034,5.291791159363575,0.0
4,2.4420729334603926,29.88103292831589,135.12101137891503
17,5.1668095851791715,8.131131008727014,0.0
2,1.6261088938749744,11.213744259788555,134.24467389782697
16,4.415068293400481,15.131072900301916,0.0
5,2.224505371310223,10.147768879579361,6.724658444947993
3,9.1763641343181,29.158413985325915,20.300062345101306
16,7.286623570351584,19.563930504377076,0.0
7,5.586843798320781,20.537653680584583,0.9132565693996146
5,8.737959256907487,14.868028142956362,0.033359719118023434
2,2.0846823058827804,20.25232568811454,157.01068985503176
4,6.1835296029153035,29.684308843199588,13.288419195314999
11,9.720333025300949,7.262470809431052,0.0
9,6.42492168237092,24.116904230263852,0.0
20,6.572936928843114,25.865980000727564,0.0
15,1.970907218133092,20.737465072554436,0.23749445754749965
19,8.20906185709088,17.41332576441458,0.0
19,1.071382700858302,13.659349247862789,0.09422981857733755
16,8.343099433990858,23.157728998655884,0.0
18,3.0174437936950635,14.547004149627947,0.0
10,8.888743192309843,28.521547662058932,0.0
7,7.464417908186512,26.964096619052036,0.056101410111605785
15,9.071827279067387,26.428796946003843,0.0
18,9.960301238439241,10.752990083133799,0.0
6,6.283944085634892,25.74582883391027,3.6344891191827955
18,5.531448831067058,11.961411401721346,0.0
2,8.260631101976161,21.123214717798827,63.080124109728786
2,7.85778865166787,23.3539067785958,21.567227811024
20,1.8826976714120418,18.158509855899965,0.0
20,8.700542371697615,25.603881377403063,0.0
15,5.47816082850063,23.81575910165084,0.0
8,3.2210466543934753,28.43135048554748,49.204838597030864
18,7.507082500302894,21.42296384354308,0.0
15,3.4187406514496743,15.89753783117415,0.0
3,1.9605577427916896,8.28627827347325,73.78156497751796
19,7.6394017235730285,16.46516129017567,0.0
8,1.6691065988519598,23.6730887665394,111.35660195517389
19,6.74827589741196,23.97082237238689,0.0
11,2.5364937837498314,26.730653828496738,3.28339930463888
17,8.84420199670698,8.13647365437752,0.0
6,6.823422565667951,7.42281079511413,0.0
3,8.446420270456155,10.06259579683132,0.8378003642397295
6,5.298560810416965,23.66644109937122,11.549606281797548
12,3.904730317267621,12.23364284479132,0.0
20,6.698810702381184,10.279691687540225,0.0
6,4.435556107037504,5.702643655580651,0.0
6,9.254172081389399,6.454816647421814,0.0
20,5.430083036200947,28.232172214516222,0.0
15,5.697393087468881,18.41229790753914,0.0
14,3.282173388520986,5.498998521207336,0.0
4,3.144324172764696,19.29248663279548,58.892516263991254
12,7.166838586942418,26.557280488218467,0.0
7,4.263815649343467,14.011335978831042,0.21578005481083903
20,9.959788761076565,5.412642539776936,0.0
10,1.499954520337796,26.911727237259154,83.78886694733136
15,4.931137751024231,29.833714082459846,0.0
11,9.002292145859457,28.32582524768246,0.0
15,4.0082118553123625,22.062229148202622,0.0
16,2.243496008928163,28.966261513604678,1.1604238444908044
13,6.270140255467398,11.104571969558892,0.0
18,5.0726825426897975,5.438760029112509,0.0
9,7.541856083330968,15.154113997506064,0.0
13,2.817355847307855,15.16562838930119,0.0
19,1.41325612995137,11.949186479163401,0.0
3,5.678495747010786,15.115536772696462,6.424834028717958
3,8.783002809157324,7.332534874044931,0.3560289534583581
10,7.566945265685353,16.676762772242007,0.0
20,1.9574072843589083,29.838782023345082,0.043173957329651444
13,4.839561748123504,17.421182652731417,0.0
3,9.62798142752446,11.216793826150552,0.019722720944902468
4,2.630423201381005,27.611935718224107,138.45621695537025
6,8.772802175718676,13.632502032834813,0.0
9,2.4576653078961748,12.976161177120161,0.4246594282220797
17,4.238990487990191,29.150274301570747,0.0
14,8.268676687505579,11.288860466724358,0.0
11,8.936324526629765,11.461854609231061,0.0
8,6.162126322597871,5.512860172828999,0.0
19,3.1177417048645566,5.236925772604615,0.0
19,1.248679746631951,17.490575433098158,0.5761077844498572
14,3.6131925039626025,11.810526900340978,0.0
18,5.895361193605575,6.500223207672582,0.0
10,6.126534555314717,11.827797093834834,0.0
18,9.18617642758034,20.80074167977617,0.0
2,4.8417525089437525,13.641444636114473,64.09643295766469
16,9.155760259822168,18.019605456028003,0.0
16,3.3459322624393337,17.999492172218922,0.0
9,8.945727818621487,17.4740664963632,0.0
6,6.757726057552129,6.039350931698999,0.0
18,7.5809978325905725,8.294997019234284,0.0
17,8.979311343204483,16.619798669775832,0.0
4,2.2714617897608007,19.52856482637286,147.32117772242634
14,7.384175428319584,17.736074425987454,0.0
12,8.842535859931349,17.14512877797919,0.0
16,6.277481302832412,21.29949210462211,0.0
7,8.601915300659352,6.6348796949467665,0.0
4,4.375639731701792,16.12330919769478,13.961151455644567
20,2.5680417635331585,29.317575985676076,0.0
11,2.335772391632475,5.16943784493931,0.0
8,1.76689272796489,9.408520714621602,0.10903191522911536
19,1.2069568455677215,24.548606153622035,34.084437924753054
17,2.80462502927786,20.066988423331402,0.0
16,7.286714956880755,28.695584012199454,0.0
14,6.66960353370661,19.780392778501295,0.0
12,4.601259111842713,18.003213405910675,0.0
13,6.8391358489882315,11.030685948656577,0.0
20,4.951840573158837,22.394876214468624,0.0
15,6.601085335835533,24.41579787622002,0.0
16,8.663311858796181,21.928217649377945,0.0
6,5.013047545526154,7.108647215636763,0.0
8,6.6945025805138565,5.1797507625803245,0.0
16,4.6919262104585995,21.58512159868727,0.0
20,8.153524630683718,29.019807893024932,0.0
12,5.7978952532996235,13.230807146661546,0.0
18,4.638457839729529,19.45969725423407,0.0
10,3.4163407885580486,11.40781677284546,0.0
10,5.674364620180478,10.362011644243104,0.0
12,9.482435274260546,17.61904441585959,0.0
16,1.570205669079865,16.85711077703336,0.2377079592524624
18,2.2702421161775654,10.271899160950932,0.0
5,7.096087895012031,12.023457055895541,0.0
18,9.772426100907584,22.836771565655756,0.0
4,4.958447533152821,22.395325508690497,17.359792460311
12,9.316306740979037,16.659269103042938,0.0
19,5.895125229295062,12.033903656217245,0.0
17,8.937305462667988,8.38283887200011,0.0
5,6.242148123351483,6.250237322012193,0.0
12,5.513147238790624,11.698447781773561,0.0
12,4.357612166768463,27.89865856067355,0.12359889080288
6,7.086324792358594,9.286361243552697,0.0
4,8.648263073726213,24.636253484457892,4.011997586972974
6,7.221868523257239,17.18113475317648,0.0
13,6.916307831712172,20.944353125249968,0.0
7,9.44059879912505,5.717525539807712,0.0
2,7.00976529374103,26.917760420082484,127.08378754731062
10,8.232287555464072,29.40197067219754,0.0
2,8.37020480956123,21.894803503179574,92.56950993640245
13,4.04456318073052,18.008082211309052,0.0
8,2.7973340664708743,11.576160979253327,0.07342909158858016
3,5.544574760344552,22.505876599339608,77.33114830208608
18,7.945541655353736,16.302140958713082,0.0
4,9.234433888430187,29.605938329356604,14.028852158560163
7,3.6680626242883374,26.41345679481966,17.182833796912718
19,3.9919269831288786,11.65212101738618,0.0
13,6.9165512147967805,8.128340432178579,0.0
11,1.7768410667179813,14.42075333822473,5.219102878100022
18,5.760099193255659,23.422422186072993,0.0
20,9.978855679482203,20.817201693460888,0.0
14,8.345621252713098,10.369189019164125,0.0
19,4.216295348741772,22.824117100500956,0.0
5,6.215994846701566,23.687274109974243,37.397774786954216
10,4.39692635978767,28.842120962304904,0.24012208490486983
12,6.893488279205792,26.473929016611542,0.0
11,5.596288083551865,27.974676174560038,0.0
6,2.240476795862245,6.861334491000238,0.15202812052624426
18,9.09630131231718,27.850266456753772,0.0
18,4.80400110044428,9.676145146599398,0.0
20,6.136235567280191,12.908966615026378,0.0
11,3.163605763740086,27.242125945708487,0.1938643147910766
8,4.495362110107777,27.646354166660345,2.221199670612741
9,8.118025250823933,19.686805909905452,0.0
10,2.1315843086641575,29.875140243789303,69.73276454238786
3,4.398794177326335,11.692761851879482,2.568758946649225
16,3.09522988970293,17.89962351776749,0.0
3,2.80403714606839,9.882565227099242,66.19629978736187
8,4.152523112883552,7.466946112985289,0.0
7,1.6575162610448966,29.25119112870434,93.08722014979381
20,6.7070834250950355,11.615634852432127,0.0
13,8.905606590965105,21.468952184052537,0.0
16,9.134994845325126,24.71683855112695,0.0
11,1.6239974721794574,23.798465715859177,62.71435774590925
7,2.7376680755537666,24.24143588447688,46.771902911593045
14,4.257545455116818,6.295068448980366,0.0
14,4.036133166481951,28.332946355156437,0.0
11,7.9350609228694635,24.901749942093026,0.0
4,9.226316974447236,11.655974750636677,0.16819656391643178
20,4.202834254201745,25.343833437647426,0.0
16,6.927872828591633,15.082532973508648,0.0
12,3.835628285160865,10.329539106029877,0.0
5,6.322681579434752,12.021710100760057,0.165265347963951
10,7.415465444830964,16.8971271515127,0.0
14,4.230538533712994,25.386065531135774,0.0
13,8.061062354824307,27.98305304169078,0.0
8,5.751785178568498,14.796740248555883,0.0
2,5.941266136279722,8.539052679561935,6.744711164829256
15,9.215908326837285,7.647335159306577,0.0
11,9.574661529523393,24.51687495814702,0.0
2,7.356439458695203,14.605750250438499,43.309074186039936
16,8.131891641639392,28.204356119197207,0.0
12,3.761796040737059,28.36399138367378,0.21030002113088106
7,2.194266265538914,14.538968079345608,19.869435256020655
4,2.452668639810625,10.16119482519129,9.741704664849177
19,7.131203491087898,6.917035528105545,0.0
14,3.1517891834812533,13.570815223059242,0.0
5,9.71184383014957,5.250730570143146,0.0
18,4.2145965299244255,17.7413631607307,0.0
4,5.114433274543417,6.693534719748513,0.049686646577337956
2,1.0472979971457996,11.88751446753662,172.6244942311517
4,1.7486704427443907,21.078950428401267,169.3092662480757
19,8.450088608412756,5.454265911837867,0.0
6,5.348971020224363,29.115907498863315,12.143237167999718
19,8.452391924648754,8.110788333920883,0.0
9,1.3013632461477296,18.06271409265471,83.32591173383264
7,4.721845869290097,16.169504645049496,1.3250949188920524
17,9.840757534901458,20.47433031207394,0.0
18,7.800613953451709,26.783001827935124,0.0
3,9.923076040438167,22.742199498343698,6.800738419453885
13,1.043945731787118,5.233387977791233,0.0
15,1.457547563198879,17.94522194478759,2.9772701617129096
4,9.799932519374158,22.8502223438102,0.7362262984475194
4,8.378748785542381,9.13640797646837,0.06658939366709096
6,1.681874269760374,8.56864701404874,1.4030805747284314
10,6.799647688033252,23.32448269491283,0.0
17,4.213831042528301,24.5279850739844,0.0
19,4.661431013650606,29.975032246197877,0.0
15,1.5881588056396077,28.22069035416719,27.48129756978576
14,7.646257543187941,18.873893244395504,0.0
12,5.870110187057062,5.720517576899024,0.0
3,7.614861832581382,7.9117226691070694,0.7109281821028279
6,3.5643549034020374,19.376014089625652,5.025354831664802
2,5.25727502274187,17.720628991251353,141.8328656780889
11,5.438645113683435,21.88073670718119,0.0
6,5.54052475043118,14.448841199000546,0.012566378155980218
14,7.235144007327636,21.712427614976317,0.0
15,7.711588531701789,17.41343082372912,0.0
2,2.5419047645017745,25.185631981191225,161.19430431613682
12,6.104296162829671,19.099092767137755,0.0
18,2.307615908836821,18.816382390572066,0.0
17,7.4447709417227275,8.27855994313776,0.0
12,9.688618622834758,10.93583656989857,0.0
11,5.694346865687684,25.75625641767675,0.0
15,3.334627963761382,21.046409310105364,0.0
20,8.290732462260086,16.024352688725788,0.0
20,9.844054380915777,20.899432117568303,0.0
16,2.9721878656262986,13.066841056376193,0.0
17,4.716068972465058,11.144188080589341,0.0
12,8.938492173645914,8.638987927785267,0.0
13,2.386486843266463,16.33248071187389,0.1543949323988821
2,6.681776207288205,22.91238665270067,148.31226036242222
10,8.276107382502488,24.649376499352446,0.0
11,7.958936688082925,11.66642672999283,0.0
7,3.8426131616184174,5.742365050516447,0.0
2,7.216304068266427,11.608677545963479,3.6197123941238685
4,9.980402595814862,5.871350253970865,0.0
16,5.808923080361286,6.814521485957412,0.0
10,1.7527268407548906,9.45791470099646,0.01386976083134104
2,1.2972266481984065,15.299722706418327,185.60885854558478
10,8.245498798837154,26.809197220753923,0.2457121110382628
9,6.71566901264319,26.493739712152582,0.45418464279546494
14,6.930995060045799,10.193473337483791,0.0
17,9.950304691350333,5.5881190604600715,0.0
2,1.0832871219588067,20.804274008002757,204.46430041639698
15,5.8430831138350605,8.429761042838695,0.0
16,6.496620842873487,18.002475798269224,0.0
8,4.8575843227678215,24.591431813052985,0.25726002883606935
10,7.4250252331031055,5.073240818203166,0.0
14,9.325255157712334,15.879558960838454,0.0
10,2.5181928310212425,18.51483577760378,3.7290923797677333
20,7.181426777069641,13.645005173651935,0.0
16,3.3155414747826555,23.13497659271701,0.04766622652287603
7,5.905667608657643,24.69078171278792,0.7788686075976369
5,6.397485442214475,29.470510499238127,4.158590948441828
4,5.23545720374084,9.522307428542888,0.15591172989796495
14,1.3912915706602713,8.99926186779295,0.0
15,7.24625863287494,9.389059407350786,0.0
15,3.4845008030605866,27.75601875817676,0.0
14,7.4628108620956635,17.834535723824168,0.0
9,7.313285102375869,7.908221048166512,0.0
13,2.998347486001183,26.72199125849383,1.427314907465768
10,3.2105066423430024,21.593960721696938,0.3809582177069861
19,2.7497388312732296,26.868937343399868,0.0
11,1.9412254168287166,19.359476980894016,0.4921279784345821
14,3.8020497569462433,24.857374087059345,0.0
19,9.856987313127336,17.49525943771768,0.0
20,9.334088920619479,17.582029860210973,0.0
19,4.332257351648378,13.521731804331361,0.0
16,9.16367381671923,8.410546163554187,0.0
20,8.765597798860133,6.135543068382164,0.0
4,2.2325463029165835,29.272731378903792,149.03205733623162
7,5.839091264838223,12.764502440694834,0.0
16,4.666014331977102,23.149916578736665,0.0
13,6.914301938267846,16.45830348740462,0.0
16,4.374031849564589,11.516687363109478,0.0
9,2.71237695162824,25.96620916168512,23.296773678350668
4,9.146210255614939,10.765459398320331,0.0
11,3.2352912206877633,8.964290951706989,0.0
5,1.6861541251095227,10.835929930594489,28.05532909298287
5,2.9032911521699174,16.60716832401978,39.29803483351559
11,9.51726338326119,19.632965075814376,0.0
2,9.255652640073537,18.592978475952425,1.3440078131727158
3,3.3494995068662208,19.078596272126486,70.93564776977722
9,2.7796406804974882,11.595306016002116,0.35017935790064797
9,9.181360015706108,20.294454262721974,0.0
11,2.9775829547699346,27.059314860217192,1.1726557164786895
15,9.241740862985994,7.284626673448953,0.0
8,2.8635479497365655,24.019872324332116,14.385265153226978
11,1.6412577559305532,17.466768922017717,21.24315991911551
15,2.153319501595374,25.5119571577608,0.2513517215569208
13,7.796815400149076,24.773930783632956,0.0
6,1.4586500523190513,9.558291684888726,27.704671159049518
7,1.1904702487034515,7.230743107360625,2.084201878989712
12,2.093811658657215,25.476405476942144,24.455997105429216
11,6.209651946680826,25.12697626488484,0.0
12,1.053897243162722,23.710854006340668,93.61954468143
9,7.5332394826472475,5.739968042467587,0.0
8,3.374824332400131,21.352998667476356,0.7085296137422228
2,8.183040969923383,13.860380148998473,16.445134079618125
6,2.7955741278634516,18.15192140741142,34.43043859901242
19,3.9844063869383435,7.528857910402893,0.0
10,9.111625740364005,16.163912299505984,0.0
9,8.554992291411061,14.822703701138044,0.0
9,8.816304041039974,5.0874389426364806,0.0
10,1.6487101923469096,26.507880698575708,63.76635461458851
3,3.3251420056061196,14.653934649807999,51.69176231681366
13,4.429073308907395,10.037560169877006,0.0
6,6.2890671951979105,7.177095614851618,0.0
3,2.7582093131792176,28.540957251738078,135.93783994052666
14,9.163492260341101,14.829356320625287,0.0
18,7.477650176678843,19.77869420150489,0.0
3,6.739212761859112,25.52379043095577,81.43718301160949
4,7.482550225173809,21.82913071957499,18.23312471423005
7,4.36004828436606,25.003958489083587,5.59544209498188
17,4.290767586668551,29.20042263740807,0.0
20,2.819627334295661,12.889353854434608,0.0
8,8.228891862493992,16.331817780371487,0.0
19,1.368045886129333,14.349397879966522,0.007046829285112594
12,8.853892737345223,8.596835426588346,0.0
9,2.740658127100628,18.183754650327472,1.2541557183438985
4,4.075996217396887,17.85652959623787,81.96596067400309
10,6.39248303637317,15.141663987970196,0.0
15,7.090743581735897,18.611461626982404,0.0
10,5.250812422446251,29.37484884674228,0.0
6,2.490980701178372,23.802150067425845,93.06316714688991
5,2.0964103992902294,29.3467948804295,125.70118590436905
18,4.155243620845971,20.78994762937947,0.0
13,4.627096042015957,8.425436875838049,0.0
3,7.010853279356439,5.831381044439519,0.004516835457768504
19,4.097974601220274,13.563398739060332,0.0
11,2.802370691946847,5.926536608126013,0.0
3,8.376243424340682,15.821747581510955,8.240533984810055
20,7.35148015212914,29.366452330678808,0.0
8,9.55052476582878,8.613807707610317,0.0
16,6.677518480486077,9.211702743235762,0.0
18,3.7893760029461694,11.95349667016654,0.0
18,7.1079166844426505,20.102503771330053,0.0
16,4.907836914895408,10.857558633522164,0.0
10,8.286266071918336,15.582761865513024,0.0
11,1.719858044887427,6.680129205706724,0.0
2,6.577474764853964,7.764755951589468,1.3729755955312
8,8.83421849229594,24.16638983922091,0.0
14,8.258995384277036,24.582854294586816,0.0
20,7.042984618232411,14.151083746933878,0.0
15,6.759954820347301,15.375976552554292,0.0
19,1.7416152510437222,20.338555660059143,0.0
20,8.897733677461112,11.854174223509471,0.0
13,6.4353468469573345,27.76032110099786,0.0
13,9.788940052676962,17.507750842710905,0.0
20,3.38988481535259,10.004439635193961,0.0
7,6.0139512664089265,10.066122245425525,0.0
14,9.159075491867673,10.149135743476592,0.0
2,6.37071592228542,28.384612147937535,160.14407808297523
7,9.645143775168641,8.704873573795275,0.0
10,3.8989500776596335,10.529319537479,0.0
6,5.9780894881860505,10.824252005389294,0.051334827483863164
10,6.581838684214915,13.482013668966287,0.0
7,6.866810950161473,18.339322775673395,0.03169669832389613
19,3.31609864320716,14.416253957696641,0.0
7,1.855849415873618,26.304258192900576,118.99329488415442
5,3.9564582633468546,23.18478048839737,35.90581612547491
16,7.396841358041353,7.27606840262915,0.0
2,1.5906190373981133,26.887460340536908,178.69875220112723
4,6.017353674942929,14.84483475461887,0.2888418235207399
20,1.588881555122146,28.129042440790823,0.7549446445030242
4,2.1708859560326097,15.287832622287413,106.81400153438584
2,7.599616990487422,17.9500008490252,76.35074510632745
13,9.19823881733964,26.135686513565947,0.0
19,2.606857619487804,17.411939974834453,0.0
19,6.2681512017488545,29.42730562606081,0.0
2,7.392033533356287,5.1917822668664995,0.5521947703784804
15,2.030093000462638,14.218696148613443,0.0
16,1.1678206483913418,15.592724407047665,0.7486472120508959
7,2.0519971685456255,17.593208548308265,77.62487685453081
10,9.471502697276357,14.388953998366883,0.0
6,1.1815602141912351,24.525710611927387,150.5470527398389
16,2.3364387322674314,24.253952587855142,0.0
20,9.728369651646988,15.296653788493373,0.0
10,4.040595917384941,7.575146226326117,0.0
8,4.476135823185561,14.835079732926456,0.0
20,9.47034080169321,10.31110052006138,0.0
5,8.273202106039843,23.63415173900961,0.3008621917971827
17,1.3787706947772491,12.703084963287937,0.005464401650081271
12,8.104592121186602,25.044584722721346,0.0
9,8.69094277400248,28.253507815789284,0.0
5,3.88540445924302,7.806316435965082,0.18259452265741963
20,7.077052980397497,12.145774636767605,0.0
10,6.373092969946292,18.765714172151952,0.0
2,6.975053394289611,6.804628094617786,2.3173814354687035
6,3.785359824454495,24.602110117142374,57.11370642345964
4,9.100214464552343,20.494033294802108,0.23918708427010696
6,5.266126500437605,27.51759919452465,2.2430829337493936
13,2.8666461212799117,19.66902406137939,0.0
12,3.4943523845786966,24.752721209931146,0.00017732641458884985
4,4.024335089837658,17.569911349741556,10.2431518622601
3,3.650605825312335,19.261104434297955,115.60054470611246
12,4.708004890267768,27.801831458573588,0.0
8,4.262532673212676,12.827542431128787,0.026810462074917458
8,5.482368550806762,26.134735345218477,0.22987797481174557
10,3.774390799590169,26.221549010073606,0.9094535326302956
18,8.41630906290025,6.8253890412631675,0.0
8,9.086835633679376,11.859018596652605,0.0
20,9.246634122000716,20.340239960464274,0.0
19,8.180548813715724,23.40920086832874,0.0
11,5.834248998824803,19.885094159513947,0.0
4,7.2717354527379925,6.798867330332793,0.0
2,4.812445683239141,15.30312920191652,90.76562500256202
12,1.1259551151650982,20.487976734711165,109.47081065114324
17,6.529573476665258,23.39773537391377,0.0
6,5.713058038218197,10.162188319544569,0.0
4,1.7802445803264737,24.736169767365006,161.71921198600958
13,3.175793101985616,24.717875764037732,0.0
2,1.9302470100857918,26.512941861346626,205.5546095343674
16,7.311787359923847,20.195914680646865,0.0
7,9.126305450193602,12.56006266512514,0.0
8,9.868495339706634,26.506132288562956,0.0
10,7.62553846322917,12.55722332440055,0.0
5,8.716310483656793,22.237189323940687,6.692238087002464
13,5.0123425483860835,9.953330852984733,0.0
15,9.523506743027786,13.616875084812287,0.0
11,7.207462921273479,25.34154513387755,0.0
11,6.027644466075559,23.84053021252473,0.0
17,5.49886667573692,25.348961629203615,0.0
6,8.922141821146242,6.0645578695813835,0.0
17,3.9346002208856623,20.96627960022979,0.0
5,9.929089801387546,8.971440192075356,0.01657980625759525
14,5.6579843551906155,19.535566936534977,0.0
20,1.1047277558231843,17.788603860569587,1.451570957189085
9,9.848761462024038,20.5259920632688,0.0
12,8.967252444344624,11.033208696888634,0.0
7,5.8737942256522295,28.20330869164819,4.181243750948132
13,5.6703624650710935,19.584790998815695,0.0
12,6.8050746732625615,18.067097249959946,0.0
10,1.0601902583574492,5.000269353007007,0.044713308568210215
6,3.278058723441707,28.35684820160032,56.75540805069469
6,4.029343535215085,18.02550705867541,1.618254904696841
16,6.315300407642459,16.513027047047647,0.0
11,3.257587154390117,29.15054407713188,0.7445838907275291
7,8.14318971750679,28.281496409497457,2.114256681700151
9,6.136346804783869,9.829895646820333,0.0
7,7.362979852992202,9.928268416627883,0.0
8,7.298312701346033,20.77474816175402,0.0
15,5.754919345630264,10.318299785474078,0.0
16,5.374860361639215,26.64679963299599,0.0
11,5.149089436501059,9.159553760512066,0.0
9,5.409371843054876,15.686022574705376,0.0
7,9.84146005540685,12.673654534186369,0.0
11,2.308828163567301,27.932766312311863,10.450595133515538
8,7.309257975003905,29.789552967253865,0.007162010894761682
20,4.712368682519922,8.445403847906691,0.0
4,9.181970124514594,21.249859564038825,0.9190453307145448
12,6.550287042702539,10.435987353295765,0.0
4,2.1647741625784307,25.434056198073133,154.83220890051908
12,7.851717926061463,22.97511703905098,0.0
4,2.12129622938297,5.383099560291453,1.253063840144373
8,6.817796266588115,15.736782834403225,0.0
20,3.774931910783462,7.694655273756899,0.0
3,1.4657144658935104,20.98746099653456,167.82116825633042
7,3.030060184434931,5.373895286512113,0.0
4,1.3280942332227186,15.588687641697797,155.3381296379718
18,7.631789861482855,23.049329324510026,0.0
16,5.661869412197104,17.58717460000578,0.0
5,4.015745707568006,19.930642172528408,15.053799458362471
3,4.6313866816385,20.522111152188792,67.76011708188874
13,2.5068642682596054,5.606629203132009,0.0
15,9.522993197210377,20.861966987960592,0.0
8,7.219902071866302,22.006999280863646,0.0
17,9.542636526843456,7.047494863929,0.0
19,1.1242291488298912,20.87401705480554,9.145150740505931
13,4.799883811643534,9.232905295473163,0.0
14,3.4160612966296373,26.82174331165484,0.0009692181737812948
15,7.970263862595381,17.053258808267433,0.0
19,2.566989828168357,25.338520856236357,0.14249654925261374
10,5.120273410354216,15.279189101361643,0.02216932047266356
